294225|{ "_id" : 294225 , "org_id" : 294225 , "ref_code" : "51155"}
294231|{ "_id" : 294231 , "org_id" : 294231 , "ref_code" : "GOUT002"}
294233|{ "_id" : 294233 , "org_id" : 294233 , "ref_code" : "61873681"}
294234|{ "_id" : 294234 , "org_id" : 294234 , "ref_code" : "1312121"}
294238|{ "_id" : 294238 , "org_id" : 294238 , "ref_code" : "TestOutlet1"}
294240|{ "_id" : 294240 , "org_id" : 294240 , "ref_code" : "NKOUTLET"}
294243|{ "_id" : 294243 , "org_id" : 294243 , "ref_code" : "TestOut002"}
294244|{ "_id" : 294244 , "org_id" : 294244 , "ref_code" : "Test0ut03"}
294250|{ "_id" : 294250 , "org_id" : 294250 , "ref_code" : "ARISTOOUTLET"}
294285|{ "_id" : 294285 , "org_id" : 294285 , "ref_code" : "TOUTLET"}
294291|{ "_id" : 294291 , "org_id" : 294291 , "ref_code" : "testoutlet"}
294295|{ "_id" : 294295 , "org_id" : 294295 , "ref_code" : "testo1"}
294296|{ "_id" : 294296 , "org_id" : 294296 , "ref_code" : "outlet02"}
294297|{ "_id" : 294297 , "org_id" : 294297 , "ref_code" : "outlet03"}
294304|{ "_id" : 294304 , "org_id" : 294304 , "ref_code" : "outlwt101"}
294305|{ "_id" : 294305 , "org_id" : 294305 , "ref_code" : "outlet102"}
294306|{ "_id" : 294306 , "org_id" : 294306 , "ref_code" : "outlet103"}
294307|{ "_id" : 294307 , "org_id" : 294307 , "ref_code" : "testout101"}
294308|{ "_id" : 294308 , "org_id" : 294308 , "ref_code" : "testout102"}
294310|{ "_id" : 294310 , "org_id" : 294310 , "ref_code" : "TOUTSMC01"}
294311|{ "_id" : 294311 , "org_id" : 294311 , "ref_code" : "17046568"}
294313|{ "_id" : 294313 , "org_id" : 294313 , "ref_code" : "voutlet"}
294314|{ "_id" : 294314 , "org_id" : 294314 , "ref_code" : "17046569"}
294315|{ "_id" : 294315 , "org_id" : 294315 , "ref_code" : "voutlet2"}
294316|{ "_id" : 294316 , "org_id" : 294316 , "ref_code" : "dlr90out"}
294317|{ "_id" : 294317 , "org_id" : 294317 , "ref_code" : "outlet1001"}
294324|{ "_id" : 294324 , "org_id" : 294324 , "ref_code" : "17046575"}
294325|{ "_id" : 294325 , "org_id" : 294325 , "ref_code" : "voutlet3"}
294327|{ "_id" : 294327 , "org_id" : 294327 , "ref_code" : "17046579"}
294330|{ "_id" : 294330 , "org_id" : 294330 , "ref_code" : "outlet001"}
294332|{ "_id" : 294332 , "org_id" : 294332 , "ref_code" : "tout0010"}
294334|{ "_id" : 294334 , "org_id" : 294334 , "ref_code" : "17046587"}
294335|{ "_id" : 294335 , "org_id" : 294335 , "ref_code" : "Test092019"}
294337|{ "_id" : 294337 , "org_id" : 294337 , "ref_code" : "17046589"}
294338|{ "_id" : 294338 , "org_id" : 294338 , "ref_code" : "Test112019"}
294339|{ "_id" : 294339 , "org_id" : 294339 , "ref_code" : "3583"}
294340|{ "_id" : 294340 , "org_id" : 294340 , "ref_code" : "34"}
294341|{ "_id" : 294341 , "org_id" : 294341 , "ref_code" : "outlet1033"}
294342|{ "_id" : 294342 , "org_id" : 294342 , "ref_code" : "outlet104"}
294346|{ "_id" : 294346 , "org_id" : 294346 , "ref_code" : "TOut122019"}
294347|{ "_id" : 294347 , "org_id" : 294347 , "ref_code" : "501"}
294348|{ "_id" : 294348 , "org_id" : 294348 , "ref_code" : "5743"}
294349|{ "_id" : 294349 , "org_id" : 294349 , "ref_code" : "58843"}
294350|{ "_id" : 294350 , "org_id" : 294350 , "ref_code" : "35343"}
294351|{ "_id" : 294351 , "org_id" : 294351 , "ref_code" : "007"}
294352|{ "_id" : 294352 , "org_id" : 294352 , "ref_code" : "0008"}
294354|{ "_id" : 294354 , "org_id" : 294354 , "ref_code" : "0808"}
294355|{ "_id" : 294355 , "org_id" : 294355 , "ref_code" : "7890"}
294360|{ "_id" : 294360 , "org_id" : 294360 , "ref_code" : "17046593"}
294361|{ "_id" : 294361 , "ref_code" : "17046594" , "org_id" : 294361}
294362|{ "_id" : 294362 , "ref_code" : "outlet0099" , "org_id" : 294362}
294363|{ "_id" : 294363 , "org_id" : 294363 , "ref_code" : "outlet0998"}
294365|{ "_id" : 294365 , "org_id" : 294365 , "ref_code" : "outletSync"}
294366|{ "_id" : 294366 , "ref_code" : "outletSTrue" , "org_id" : 294366}
294371|{ "_id" : 294371 , "org_id" : 294371 , "ref_code" : "NMOB02"}
294374|{ "_id" : 294374 , "org_id" : 294374 , "ref_code" : "ot2222"}
294375|{ "_id" : 294375 , "org_id" : 294375 , "ref_code" : "out7777"}
294383|{ "_id" : 294383 , "org_id" : 294383 , "ref_code" : "testOut7777"}
294385|{ "_id" : 294385 , "org_id" : 294385 , "ref_code" : "nonMobo10"}
294386|{ "_id" : 294386 , "org_id" : 294386 , "ref_code" : "dfweewf"}
294387|{ "_id" : 294387 , "org_id" : 294387 , "ref_code" : "mobo20"}
294401|{ "_id" : 294401 , "org_id" : 294401 , "ref_code" : "NonMoboOut"}
294402|{ "_id" : 294402 , "org_id" : 294402 , "ref_code" : "NONMoboOu029"}
294403|{ "_id" : 294403 , "org_id" : 294403 , "ref_code" : "FailMNOut"}
294407|{ "_id" : 294407 , "org_id" : 294407 , "ref_code" : "aristootsix"}
294408|{ "_id" : 294408 , "org_id" : 294408 , "ref_code" : "aristootsn"}
294416|{ "_id" : 294416 , "org_id" : 294416 , "ref_code" : "MoboOutlet1"}
294417|{ "_id" : 294417 , "org_id" : 294417 , "ref_code" : "MoboOutlet2"}
294418|{ "_id" : 294418 , "org_id" : 294418 , "ref_code" : "outletjp1"}
294419|{ "_id" : 294419 , "org_id" : 294419 , "ref_code" : "outletjp2"}
294420|{ "_id" : 294420 , "ref_code" : "dsfhdso" , "org_id" : 294420}
294421|{ "_id" : 294421 , "org_id" : 294421 , "ref_code" : "outletstatus"}
294422|{ "_id" : 294422 , "org_id" : 294422 , "ref_code" : "outlettest"}
294429|{ "_id" : 294429 , "org_id" : 294429 , "ref_code" : "testoutletth"}
294430|{ "_id" : 294430 , "org_id" : 294430 , "ref_code" : "testoutletfo"}
294432|{ "_id" : 294432 , "org_id" : 294432 , "ref_code" : "testoutletfi"}
294433|{ "_id" : 294433 , "org_id" : 294433 , "ref_code" : "testoutletsi"}
294437|{ "_id" : 294437 , "ref_code" : "190710001" , "org_id" : 294437}
294438|{ "_id" : 294438 , "ref_code" : "190710001" , "org_id" : 294438}
294450|{ "_id" : 294450 , "ref_code" : "624319876076" , "org_id" : 294450}
294451|{ "_id" : 294451 , "ref_code" : "17046595" , "org_id" : 294451}
294452|{ "_id" : 294452 , "ref_code" : "17046596" , "org_id" : 294452}
294454|{ "_id" : 294454 , "ref_code" : "anbg123" , "org_id" : 294454}
294468|{ "_id" : 294468 , "org_id" : 294468 , "ref_code" : "outletone11"}
294469|{ "_id" : 294469 , "org_id" : 294469 , "ref_code" : "outlettwo22"}
294473|{ "_id" : 294473 , "org_id" : 294473 , "ref_code" : "outlethree33"}
294474|{ "_id" : 294474 , "org_id" : 294474 , "ref_code" : "outletfour44"}
294477|{ "_id" : 294477 , "org_id" : 294477 , "ref_code" : "outletsix66"}
294478|{ "_id" : 294478 , "org_id" : 294478 , "ref_code" : "testoutletq"}
294479|{ "_id" : 294479 , "org_id" : 294479 , "ref_code" : "outlettesta"}
294480|{ "_id" : 294480 , "org_id" : 294480 , "ref_code" : "outlettestb"}
294481|{ "_id" : 294481 , "org_id" : 294481 , "ref_code" : "outlettestc"}
294482|{ "_id" : 294482 , "org_id" : 294482 , "ref_code" : "outlettestd"}
294484|{ "_id" : 294484 , "org_id" : 294484 , "ref_code" : "outlettest1"}
294485|{ "_id" : 294485 , "org_id" : 294485 , "ref_code" : "nonmobooutl"}
294486|{ "_id" : 294486 , "ref_code" : "VTestOutlet" , "org_id" : 294486}
294487|{ "_id" : 294487 , "org_id" : 294487 , "ref_code" : "statutlet1"}
294490|{ "_id" : 294490 , "org_id" : 294490 , "ref_code" : "NMoutlet3"}
294491|{ "_id" : 294491 , "org_id" : 294491 , "ref_code" : "NMoutlet4"}
294492|{ "_id" : 294492 , "org_id" : 294492 , "ref_code" : "Moutlet1"}
294494|{ "_id" : 294494 , "org_id" : 294494 , "ref_code" : "Moutlet2"}
294495|{ "_id" : 294495 , "org_id" : 294495 , "ref_code" : "NMoutlet6"}
294496|{ "_id" : 294496 , "org_id" : 294496 , "ref_code" : "Moutlet3"}
294498|{ "_id" : 294498 , "org_id" : 294498 , "ref_code" : "Moutlet5"}
294500|{ "_id" : 294500 , "org_id" : 294500 , "ref_code" : "MoboStatus"}
294501|{ "_id" : 294501 , "org_id" : 294501 , "ref_code" : "NMStatus"}
294502|{ "_id" : 294502 , "org_id" : 294502 , "ref_code" : "NMStatus1"}
294503|{ "_id" : 294503 , "org_id" : 294503 , "ref_code" : "Mstatus1"}
294505|{ "_id" : 294505 , "org_id" : 294505 , "ref_code" : "Mstatus2"}
294506|{ "_id" : 294506 , "org_id" : 294506 , "ref_code" : "NMStatus2"}
294509|{ "_id" : 294509 , "org_id" : 294509 , "ref_code" : "OutletI1002"}
294512|{ "_id" : 294512 , "org_id" : 294512 , "ref_code" : "OUTLET01"}
294513|{ "_id" : 294513 , "org_id" : 294513 , "ref_code" : "17046597"}
294514|{ "_id" : 294514 , "org_id" : 294514 , "ref_code" : "17046599"}
294515|{ "_id" : 294515 , "org_id" : 294515 , "ref_code" : "17046600"}
294516|{ "_id" : 294516 , "org_id" : 294516 , "ref_code" : "17046601"}
294517|{ "_id" : 294517 , "org_id" : 294517 , "ref_code" : "17046603"}
294518|{ "_id" : 294518 , "org_id" : 294518 , "ref_code" : "17046604"}
294521|{ "_id" : 294521 , "org_id" : 294521 , "ref_code" : "VinOut"}
294522|{ "_id" : 294522 , "org_id" : 294522 , "ref_code" : "17046605"}
294525|{ "_id" : 294525 , "ref_code" : "17046606" , "org_id" : 294525}
294526|{ "_id" : 294526 , "org_id" : 294526 , "ref_code" : "17046608"}
294529|{ "_id" : 294529 , "org_id" : 294529 , "ref_code" : "OutlInt1003"}
294530|{ "_id" : 294530 , "ref_code" : "17046609" , "org_id" : 294530}
294531|{ "_id" : 294531 , "org_id" : 294531 , "ref_code" : "17046611"}
294532|{ "_id" : 294532 , "ref_code" : "17046612" , "org_id" : 294532}
294533|{ "_id" : 294533 , "ref_code" : "17046613" , "org_id" : 294533}
294534|{ "_id" : 294534 , "ref_code" : "17046614" , "org_id" : 294534}
294535|{ "_id" : 294535 , "org_id" : 294535 , "ref_code" : "VTO"}
294540|{ "_id" : 294540 , "org_id" : 294540 , "ref_code" : "OUTLINT1011"}
294542|{ "_id" : 294542 , "org_id" : 294542 , "ref_code" : "outlent1013"}
294544|{ "_id" : 294544 , "org_id" : 294544 , "ref_code" : "OutleInt1111"}
294545|{ "_id" : 294545 , "org_id" : 294545 , "ref_code" : "OutltInt1112"}
294546|{ "_id" : 294546 , "ref_code" : "17046615" , "org_id" : 294546}
294547|{ "_id" : 294547 , "org_id" : 294547 , "ref_code" : "17046616"}
294548|{ "_id" : 294548 , "ref_code" : "17046617" , "org_id" : 294548}
294550|{ "_id" : 294550 , "org_id" : 294550 , "ref_code" : "Mobo0001"}
294552|{ "_id" : 294552 , "org_id" : 294552 , "ref_code" : "17046618"}
294555|{ "_id" : 294555 , "org_id" : 294555 , "ref_code" : "Mobo0006"}
294556|{ "_id" : 294556 , "org_id" : 294556 , "ref_code" : "Mobo0007"}
294563|{ "_id" : 294563 , "org_id" : 294563 , "ref_code" : "Mobo0013"}
294564|{ "_id" : 294564 , "org_id" : 294564 , "ref_code" : "NMobo0014"}
294565|{ "_id" : 294565 , "org_id" : 294565 , "ref_code" : "NMobo0001"}
294566|{ "_id" : 294566 , "org_id" : 294566 , "ref_code" : "NMobo0002"}
294568|{ "_id" : 294568 , "org_id" : 294568 , "ref_code" : "Mobo0015"}
294569|{ "_id" : 294569 , "org_id" : 294569 , "ref_code" : "NMobo0003"}
294570|{ "_id" : 294570 , "org_id" : 294570 , "ref_code" : "NMobo0004"}
294571|{ "_id" : 294571 , "org_id" : 294571 , "ref_code" : "NMobo0005"}
294572|{ "_id" : 294572 , "org_id" : 294572 , "ref_code" : "NMobo0006"}
294573|{ "_id" : 294573 , "org_id" : 294573 , "ref_code" : "NMobo0007"}
294574|{ "_id" : 294574 , "org_id" : 294574 , "ref_code" : "Mobo0016"}
294575|{ "_id" : 294575 , "org_id" : 294575 , "ref_code" : "Mobo0017"}
294576|{ "_id" : 294576 , "org_id" : 294576 , "ref_code" : "NMobo0008"}
294579|{ "_id" : 294579 , "org_id" : 294579 , "ref_code" : "Mobo0019"}
294581|{ "_id" : 294581 , "org_id" : 294581 , "ref_code" : "Mobo0021"}
294582|{ "_id" : 294582 , "org_id" : 294582 , "ref_code" : "17046621"}
294583|{ "_id" : 294583 , "ref_code" : "17046622" , "org_id" : 294583}
294584|{ "_id" : 294584 , "org_id" : 294584 , "ref_code" : "OT16082019"}
294587|{ "_id" : 294587 , "org_id" : 294587 , "ref_code" : "testoutl101"}
294588|{ "_id" : 294588 , "org_id" : 294588 , "ref_code" : "testoutl102"}
294589|{ "_id" : 294589 , "org_id" : 294589 , "ref_code" : "mobo101"}
294590|{ "_id" : 294590 , "org_id" : 294590 , "ref_code" : "testorg101"}
294591|{ "_id" : 294591 , "org_id" : 294591 , "ref_code" : "testorg102"}
294592|{ "_id" : 294592 , "org_id" : 294592 , "ref_code" : "testorg103"}
294593|{ "_id" : 294593 , "org_id" : 294593 , "ref_code" : "testorg104"}
294594|{ "_id" : 294594 , "org_id" : 294594 , "ref_code" : "ref org105"}
294596|{ "_id" : 294596 , "org_id" : 294596 , "ref_code" : "testorg106"}
294599|{ "_id" : 294599 , "org_id" : 294599 , "ref_code" : "testorg109"}
294602|{ "_id" : 294602 , "org_id" : 294602 , "ref_code" : "testorg112"}
294605|{ "_id" : 294605 , "org_id" : 294605 , "ref_code" : "testorg0000"}
294608|{ "_id" : 294608 , "org_id" : 294608 , "ref_code" : "testorg0001"}
294609|{ "_id" : 294609 , "org_id" : 294609 , "ref_code" : "NMOutlet000"}
294610|{ "_id" : 294610 , "org_id" : 294610 , "ref_code" : "testorg116"}
294612|{ "_id" : 294612 , "org_id" : 294612 , "ref_code" : "testorg118"}
294613|{ "_id" : 294613 , "org_id" : 294613 , "ref_code" : "testorg119"}
294614|{ "_id" : 294614 , "org_id" : 294614 , "ref_code" : "testorg120"}
294619|{ "_id" : 294619 , "org_id" : 294619 , "ref_code" : "testorg123"}
294620|{ "_id" : 294620 , "org_id" : 294620 , "ref_code" : "17046623"}
294621|{ "_id" : 294621 , "org_id" : 294621 , "ref_code" : "17046624"}
294622|{ "_id" : 294622 , "org_id" : 294622 , "ref_code" : "testorg124"}
294623|{ "_id" : 294623 , "org_id" : 294623 , "ref_code" : "testorg125"}
294625|{ "_id" : 294625 , "org_id" : 294625 , "ref_code" : "testorg201"}
294627|{ "_id" : 294627 , "org_id" : 294627 , "ref_code" : "testorg203"}
294628|{ "_id" : 294628 , "org_id" : 294628 , "ref_code" : "testorg204"}
294629|{ "_id" : 294629 , "org_id" : 294629 , "ref_code" : "testorg205"}
294631|{ "_id" : 294631 , "org_id" : 294631 , "ref_code" : "testorg207"}
294636|{ "_id" : 294636 , "ref_code" : "17046625" , "org_id" : 294636}
294637|{ "_id" : 294637 , "org_id" : 294637 , "ref_code" : "17046626"}
294638|{ "_id" : 294638 , "org_id" : 294638 , "ref_code" : "testorg209"}
294644|{ "_id" : 294644 , "org_id" : 294644 , "ref_code" : "17046627"}
294645|{ "_id" : 294645 , "org_id" : 294645 , "ref_code" : "17046628"}
294646|{ "_id" : 294646 , "org_id" : 294646 , "ref_code" : "17046629"}
294647|{ "_id" : 294647 , "org_id" : 294647 , "ref_code" : "17046630"}
294648|{ "_id" : 294648 , "org_id" : 294648 , "ref_code" : "17046631"}
294650|{ "_id" : 294650 , "org_id" : 294650 , "ref_code" : "testorg214"}
294652|{ "_id" : 294652 , "ref_code" : "ROUTLET1" , "org_id" : 294652}
294653|{ "_id" : 294653 , "org_id" : 294653 , "ref_code" : "testorg215"}
294655|{ "_id" : 294655 , "org_id" : 294655 , "ref_code" : "17046633"}
294656|{ "_id" : 294656 , "org_id" : 294656 , "ref_code" : "17046634"}
294660|{ "_id" : 294660 , "org_id" : 294660 , "ref_code" : "17046635"}
294668|{ "_id" : 294668 , "org_id" : 294668 , "ref_code" : "outlet1"}
294670|{ "_id" : 294670 , "org_id" : 294670 , "ref_code" : "outlet3a"}
294671|{ "_id" : 294671 , "ref_code" : "Outlet301" , "org_id" : 294671}
294672|{ "_id" : 294672 , "ref_code" : "Outlet302" , "org_id" : 294672}
294673|{ "_id" : 294673 , "ref_code" : "Outlet303" , "org_id" : 294673}
294674|{ "_id" : 294674 , "ref_code" : "Outlet304" , "org_id" : 294674}
294675|{ "_id" : 294675 , "ref_code" : "Outlet305" , "org_id" : 294675}
294676|{ "_id" : 294676 , "ref_code" : "Outlet306" , "org_id" : 294676}
294678|{ "_id" : 294678 , "org_id" : 294678 , "ref_code" : "ROUTLET2"}
294686|{ "_id" : 294686 , "org_id" : 294686 , "ref_code" : "17046636"}
294687|{ "_id" : 294687 , "org_id" : 294687 , "ref_code" : "54321"}
294688|{ "_id" : 294688 , "org_id" : 294688 , "ref_code" : "34567"}
294689|{ "_id" : 294689 , "org_id" : 294689 , "ref_code" : "17046637"}
294690|{ "_id" : 294690 , "org_id" : 294690 , "ref_code" : "46546546"}
294691|{ "_id" : 294691 , "org_id" : 294691 , "ref_code" : "17046638"}
294692|{ "_id" : 294692 , "org_id" : 294692 , "ref_code" : "17046639"}
294693|{ "_id" : 294693 , "org_id" : 294693 , "ref_code" : "outleta101"}
294694|{ "_id" : 294694 , "org_id" : 294694 , "ref_code" : "outleta102"}
294695|{ "_id" : 294695 , "org_id" : 294695 , "ref_code" : "outleta103"}
294696|{ "_id" : 294696 , "org_id" : 294696 , "ref_code" : "62335"}
294700|{ "_id" : 294700 , "org_id" : 294700 , "ref_code" : "ROUTLET3"}
294701|{ "_id" : 294701 , "org_id" : 294701 , "ref_code" : "outlet9061"}
294702|{ "_id" : 294702 , "org_id" : 294702 , "ref_code" : "outlet9062"}
294703|{ "_id" : 294703 , "org_id" : 294703 , "ref_code" : "outlet9063"}
294704|{ "_id" : 294704 , "org_id" : 294704 , "ref_code" : "outlet9064"}
294705|{ "_id" : 294705 , "org_id" : 294705 , "ref_code" : "outlet9065"}
294707|{ "_id" : 294707 , "org_id" : 294707 , "ref_code" : "5662"}
294710|{ "_id" : 294710 , "org_id" : 294710 , "ref_code" : "6543"}
294711|{ "_id" : 294711 , "org_id" : 294711 , "ref_code" : "56432"}
294713|{ "_id" : 294713 , "org_id" : 294713 , "ref_code" : "7654"}
294722|{ "_id" : 294722 , "org_id" : 294722 , "ref_code" : "MoboOut100"}
294723|{ "_id" : 294723 , "org_id" : 294723 , "ref_code" : "MoboOut1212"}
294724|{ "_id" : 294724 , "org_id" : 294724 , "ref_code" : "MoboOut1313"}
294739|{ "_id" : 294739 , "org_id" : 294739 , "ref_code" : "REF2"}
294743|{ "_id" : 294743 , "org_id" : 294743 , "ref_code" : "RVCAN1"}
294744|{ "_id" : 294744 , "org_id" : 294744 , "ref_code" : "RVOUT1"}
294749|{ "_id" : 294749 , "org_id" : 294749 , "ref_code" : "EDITOUTLET"}
294750|{ "_id" : 294750 , "org_id" : 294750 , "ref_code" : "TestOutlet99"}
294751|{ "_id" : 294751 , "org_id" : 294751 , "ref_code" : "TestOut100"}
294756|{ "_id" : 294756 , "org_id" : 294756 , "ref_code" : "17046642"}
294757|{ "_id" : 294757 , "ref_code" : "17046643" , "org_id" : 294757}
294760|{ "_id" : 294760 , "org_id" : 294760 , "ref_code" : "17046645"}
294762|{ "_id" : 294762 , "org_id" : 294762 , "ref_code" : "OUTLET201910"}
294768|{ "_id" : 294768 , "org_id" : 294768 , "ref_code" : "5432"}
294770|{ "_id" : 294770 , "org_id" : 294770 , "ref_code" : "4567"}
294771|{ "_id" : 294771 , "org_id" : 294771 , "ref_code" : "9071"}
294772|{ "_id" : 294772 , "org_id" : 294772 , "ref_code" : "34838"}
294773|{ "_id" : 294773 , "org_id" : 294773 , "ref_code" : "OutletOrg001"}
294775|{ "_id" : 294775 , "org_id" : 294775 , "ref_code" : "OutletOrg002"}
294776|{ "_id" : 294776 , "org_id" : 294776 , "ref_code" : "65432"}
294786|{ "_id" : 294786 , "org_id" : 294786 , "ref_code" : "vmobo101"}
294787|{ "_id" : 294787 , "org_id" : 294787 , "ref_code" : "vmobo102"}
294788|{ "_id" : 294788 , "org_id" : 294788 , "ref_code" : "Rout1"}
294789|{ "_id" : 294789 , "org_id" : 294789 , "ref_code" : "ROut2"}
294790|{ "_id" : 294790 , "org_id" : 294790 , "ref_code" : "Rout3"}
294793|{ "_id" : 294793 , "org_id" : 294793 , "ref_code" : "vtetout1"}
294826|{ "_id" : 294826 , "org_id" : 294826 , "ref_code" : "OutletVFreq1"}
294827|{ "_id" : 294827 , "org_id" : 294827 , "ref_code" : "OutVF2"}
294832|{ "_id" : 294832 , "ref_code" : "17046663" , "org_id" : 294832}
294833|{ "_id" : 294833 , "ref_code" : "17046664" , "org_id" : 294833}
294834|{ "_id" : 294834 , "ref_code" : "17046666" , "org_id" : 294834}
294835|{ "_id" : 294835 , "ref_code" : "17046668" , "org_id" : 294835}
294836|{ "_id" : 294836 , "ref_code" : "17046669" , "org_id" : 294836}
294843|{ "_id" : 294843 , "ref_code" : "17046676" , "org_id" : 294843}
294858|{ "_id" : 294858 , "org_id" : 294858 , "ref_code" : "17046680"}
294912|{ "_id" : 294912 , "org_id" : 294912 , "ref_code" : "9877"}
294918|{ "_id" : 294918 , "org_id" : 294918 , "ref_code" : "OutletNew100"}
294919|{ "_id" : 294919 , "org_id" : 294919 , "ref_code" : "OutLetNew101"}
294921|{ "_id" : 294921 , "org_id" : 294921 , "ref_code" : "17046688"}
294922|{ "_id" : 294922 , "ref_code" : "17046690" , "org_id" : 294922}
294923|{ "_id" : 294923 , "ref_code" : "17046691" , "org_id" : 294923}
294924|{ "_id" : 294924 , "ref_code" : "17046692" , "org_id" : 294924}
294925|{ "_id" : 294925 , "ref_code" : "17046693" , "org_id" : 294925}
294926|{ "_id" : 294926 , "ref_code" : "17046694" , "org_id" : 294926}
294927|{ "_id" : 294927 , "ref_code" : "17046695" , "org_id" : 294927}
294928|{ "_id" : 294928 , "org_id" : 294928 , "ref_code" : "17046696"}
294929|{ "_id" : 294929 , "ref_code" : "17046697" , "org_id" : 294929}
294930|{ "_id" : 294930 , "ref_code" : "17046698" , "org_id" : 294930}
294932|{ "_id" : 294932 , "org_id" : 294932 , "ref_code" : "NewTestOut"}
294933|{ "_id" : 294933 , "ref_code" : "17046699" , "org_id" : 294933}
294934|{ "_id" : 294934 , "ref_code" : "17046700" , "org_id" : 294934}
294935|{ "_id" : 294935 , "ref_code" : "17046701" , "org_id" : 294935}
294936|{ "_id" : 294936 , "ref_code" : "17046702" , "org_id" : 294936}
294937|{ "_id" : 294937 , "ref_code" : "17046704" , "org_id" : 294937}
294938|{ "_id" : 294938 , "ref_code" : "17046705" , "org_id" : 294938}
294939|{ "_id" : 294939 , "ref_code" : "17046706" , "org_id" : 294939}
294941|{ "_id" : 294941 , "ref_code" : "outlet000" , "org_id" : 294941}
294942|{ "_id" : 294942 , "ref_code" : "outlet222" , "org_id" : 294942}
294943|{ "_id" : 294943 , "org_id" : 294943 , "ref_code" : "outlet17121"}
294944|{ "_id" : 294944 , "ref_code" : "outlet17122" , "org_id" : 294944}
294945|{ "_id" : 294945 , "ref_code" : "outlet17123" , "org_id" : 294945}
294946|{ "_id" : 294946 , "ref_code" : "outlet2712" , "org_id" : 294946}
294947|{ "_id" : 294947 , "org_id" : 294947 , "ref_code" : "outlet27121"}
294948|{ "_id" : 294948 , "org_id" : 294948 , "ref_code" : "outlet27122"}
294949|{ "_id" : 294949 , "org_id" : 294949 , "ref_code" : "Venkatesh"}
294957|{ "_id" : 294957 , "ref_code" : "Retailer190" , "org_id" : 294957}
294960|{ "_id" : 294960 , "ref_code" : "RetailJan28" , "org_id" : 294960}
294962|{ "_id" : 294962 , "ref_code" : "jan28" , "org_id" : 294962}
294963|{ "_id" : 294963 , "ref_code" : "Ret29jan2020" , "org_id" : 294963}
294964|{ "_id" : 294964 , "ref_code" : "Retailer2020" , "org_id" : 294964}
294968|{ "_id" : 294968 , "ref_code" : "UYTRE65" , "org_id" : 294968}
294975|{ "_id" : 294975 , "ref_code" : "NewOut001" , "org_id" : 294975}
294976|{ "_id" : 294976 , "ref_code" : "Doutlet" , "org_id" : 294976}
294978|{ "_id" : 294978 , "ref_code" : "Doutlet1" , "org_id" : 294978}
294980|{ "_id" : 294980 , "ref_code" : "32453243243" , "org_id" : 294980}
294981|{ "_id" : 294981 , "ref_code" : "893724328643" , "org_id" : 294981}
294984|{ "_id" : 294984 , "ref_code" : "sdfsafew3245" , "org_id" : 294984}
294986|{ "_id" : 294986 , "org_id" : 294986 , "ref_code" : "OutFeb01"}
294987|{ "_id" : 294987 , "org_id" : 294987 , "ref_code" : "OUT001"}
